Fecha,Venta
01/01/2012,552
02/01/2012,483
03/01/2012,504
04/01/2012,584
05/01/2012,980
06/01/2012,312
07/01/2012,552
08/01/2012,490
09/01/2012,580
10/01/2012,518
11/01/2012,863
12/01/2012,428
13/01/2012,518
14/01/2012,484
15/01/2012,526
16/01/2012,570
17/01/2012,430
18/01/2012,414
19/01/2012,524
20/01/2012,339
21/01/2012,491
22/01/2012,500
23/01/2012,483
24/01/2012,331
25/01/2012,414
26/01/2012,414
27/01/2012,428
28/01/2012,449
29/01/2012,449
30/01/2012,483
31/01/2012,407
01/02/2012,414
02/02/2012,490
03/02/2012,393
04/02/2012,276
05/02/2012,483
06/02/2012,324
07/02/2012,483
08/02/2012,483
09/02/2012,555
10/02/2012,501
11/02/2012,437
12/02/2012,511
13/02/2012,518
14/02/2012,449
15/02/2012,449
16/02/2012,449
17/02/2012,621
18/02/2012,414
19/02/2012,442
20/02/2012,490
21/02/2012,504
22/02/2012,462
23/02/2012,164
24/02/2012,422
25/02/2012,435
26/02/2012,497
27/02/2012,621
28/02/2012,435
29/02/2012,276
01/03/2012,290
02/03/2012,373
03/03/2012,435
04/03/2012,490
05/03/2012,455
06/03/2012,462
07/03/2012,449
08/03/2012,297
09/03/2012,331
10/03/2012,518
11/03/2012,497
12/03/2012,593
13/03/2012,449
14/03/2012,552
15/03/2012,358
16/03/2012,490
17/03/2012,510
18/03/2012,435
19/03/2012,580
20/03/2012,573
21/03/2012,483
22/03/2012,463
23/03/2012,474
24/03/2012,573
25/03/2012,449
26/03/2012,552
27/03/2012,469
28/03/2012,483
29/03/2012,533
30/03/2012,575
31/03/2012,480
01/04/2012,414
02/04/2012,449
03/04/2012,449
04/04/2012,414
05/04/2012,345
06/04/2012,528
07/04/2012,469
08/04/2012,478
09/04/2012,552
10/04/2012,421
11/04/2012,403
12/04/2012,415
13/04/2012,547
14/04/2012,499
15/04/2012,552
16/04/2012,555
17/04/2012,273
18/04/2012,400
19/04/2012,262
20/04/2012,455
21/04/2012,440
22/04/2012,552
23/04/2012,518
24/04/2012,449
25/04/2012,552
26/04/2012,468
27/04/2012,514
28/04/2012,483
29/04/2012,502
30/04/2012,552
01/05/2012,428
02/05/2012,483
03/05/2012,537
04/05/2012,524
05/05/2012,478
06/05/2012,476
07/05/2012,518
08/05/2012,483
09/05/2012,462
10/05/2012,502
11/05/2012,513
12/05/2012,462
13/05/2012,621
14/05/2012,380
15/05/2012,414
16/05/2012,414
17/05/2012,558
18/05/2012,763
19/05/2012,425
20/05/2012,490
21/05/2012,483
22/05/2012,459
23/05/2012,362
24/05/2012,324
25/05/2012,414
26/05/2012,469
27/05/2012,531
28/05/2012,483
29/05/2012,414
30/05/2012,414
31/05/2012,678
01/06/2012,801
02/06/2012,414
03/06/2012,556
04/06/2012,725
05/06/2012,414
06/06/2012,449
07/06/2012,276
08/06/2012,449
09/06/2012,446
10/06/2012,518
11/06/2012,476
12/06/2012,490
13/06/2012,603
14/06/2012,604
15/06/2012,414
16/06/2012,486
17/06/2012,435
18/06/2012,552
19/06/2012,490
20/06/2012,445
21/06/2012,615
22/06/2012,518
23/06/2012,417
24/06/2012,414
25/06/2012,504
26/06/2012,531
27/06/2012,483
28/06/2012,558
29/06/2012,524
30/06/2012,455
01/07/2012,414
02/07/2012,600
03/07/2012,449
04/07/2012,483
05/07/2012,490
06/07/2012,469
07/07/2012,552
08/07/2012,486
09/07/2012,573
10/07/2012,504
11/07/2012,483
12/07/2012,399
13/07/2012,557
14/07/2012,557
15/07/2012,455
16/07/2012,552
17/07/2012,428
18/07/2012,449
19/07/2012,504
20/07/2012,529
21/07/2012,485
22/07/2012,587
23/07/2012,493
24/07/2012,493
25/07/2012,455
26/07/2012,476
27/07/2012,480
28/07/2012,428
29/07/2012,449
30/07/2012,524
31/07/2012,483
01/08/2012,414
02/08/2012,490
03/08/2012,435
04/08/2012,435
05/08/2012,442
06/08/2012,435
07/08/2012,435
08/08/2012,414
09/08/2012,486
10/08/2012,453
11/08/2012,490
12/08/2012,483
13/08/2012,428
14/08/2012,483
15/08/2012,338
16/08/2012,414
17/08/2012,518
18/08/2012,428
19/08/2012,552
20/08/2012,587
21/08/2012,435
22/08/2012,393
23/08/2012,476
24/08/2012,449
25/08/2012,435
26/08/2012,635
27/08/2012,414
28/08/2012,461
29/08/2012,431
30/08/2012,435
31/08/2012,452
01/09/2012,449
02/09/2012,483
03/09/2012,462
04/09/2012,459
05/09/2012,518
06/09/2012,459
07/09/2012,509
08/09/2012,480
09/09/2012,433
10/09/2012,442
11/09/2012,421
12/09/2012,531
13/09/2012,486
14/09/2012,524
15/09/2012,466
16/09/2012,578
17/09/2012,490
18/09/2012,461
19/09/2012,493
20/09/2012,483
21/09/2012,407
22/09/2012,389
23/09/2012,299
24/09/2012,469
25/09/2012,371
26/09/2012,349
27/09/2012,332
28/09/2012,359
29/09/2012,459
30/09/2012,538
01/10/2012,490
02/10/2012,566
03/10/2012,435
04/10/2012,524
05/10/2012,480
06/10/2012,552
07/10/2012,462
08/10/2012,545
09/10/2012,531
10/10/2012,414
11/10/2012,476
12/10/2012,414
13/10/2012,451
14/10/2012,493
15/10/2012,476
16/10/2012,511
17/10/2012,462
18/10/2012,400
19/10/2012,428
20/10/2012,504
21/10/2012,497
22/10/2012,545
23/10/2012,502
24/10/2012,464
25/10/2012,438
26/10/2012,486
27/10/2012,455
28/10/2012,476
29/10/2012,514
30/10/2012,493
31/10/2012,459
01/11/2012,410
02/11/2012,449
03/11/2012,414
04/11/2012,493
05/11/2012,552
06/11/2012,424
07/11/2012,486
08/11/2012,459
09/11/2012,383
10/11/2012,400
11/11/2012,414
12/11/2012,476
13/11/2012,507
14/11/2012,500
15/11/2012,587
16/11/2012,414
17/11/2012,522
18/11/2012,498
19/11/2012,528
20/11/2012,414
21/11/2012,504
22/11/2012,421
23/11/2012,497
24/11/2012,500
25/11/2012,493
26/11/2012,531
27/11/2012,480
28/11/2012,438
29/11/2012,414
30/11/2012,497
01/12/2012,469
02/12/2012,476
03/12/2012,545
04/12/2012,520
05/12/2012,466
06/12/2012,393
07/12/2012,455
08/12/2012,504
09/12/2012,259
10/12/2012,542
11/12/2012,530
12/12/2012,440
13/12/2012,600
14/12/2012,518
15/12/2012,483
16/12/2012,504
17/12/2012,511
18/12/2012,504
19/12/2012,483
20/12/2012,422
21/12/2012,475
22/12/2012,442
23/12/2012,490
24/12/2012,518
25/12/2012,473
26/12/2012,486
27/12/2012,400
28/12/2012,435
29/12/2012,476
30/12/2012,462
31/12/2012,562
01/01/2013,472
02/01/2013,538
03/01/2013,562
04/01/2013,1005
05/01/2013,297
06/01/2013,537
07/01/2013,514
08/01/2013,620
09/01/2013,539
10/01/2013,860
11/01/2013,414
12/01/2013,544
13/01/2013,472
14/01/2013,556
15/01/2013,552
16/01/2013,468
17/01/2013,405
18/01/2013,531
19/01/2013,369
20/01/2013,514
21/01/2013,472
22/01/2013,515
23/01/2013,370
24/01/2013,380
25/01/2013,401
26/01/2013,424
27/01/2013,474
28/01/2013,459
29/01/2013,444
30/01/2013,415
31/01/2013,403
01/02/2013,462
02/02/2013,415
03/02/2013,302
04/02/2013,454
05/02/2013,323
06/02/2013,468
07/02/2013,501
08/02/2013,540
09/02/2013,539
10/02/2013,415
11/02/2013,531
12/02/2013,528
13/02/2013,414
14/02/2013,489
15/02/2013,410
16/02/2013,590
17/02/2013,436
18/02/2013,417
19/02/2013,475
20/02/2013,484
21/02/2013,493
22/02/2013,141
23/02/2013,386
24/02/2013,400
25/02/2013,520
26/02/2013,588
27/02/2013,408
28/02/2013,263
01/03/2013,326
02/03/2013,361
03/03/2013,404
04/03/2013,487
05/03/2013,427
06/03/2013,483
07/03/2013,444
08/03/2013,276
09/03/2013,296
10/03/2013,504
11/03/2013,487
12/03/2013,614
13/03/2013,426
14/03/2013,581
15/03/2013,378
16/03/2013,474
17/03/2013,475
18/03/2013,453
19/03/2013,572
20/03/2013,612
21/03/2013,518
22/03/2013,479
23/03/2013,492
24/03/2013,537
25/03/2013,424
26/03/2013,568
27/03/2013,455
28/03/2013,515
29/03/2013,533
30/03/2013,572
31/03/2013,467
01/04/2013,409
02/04/2013,440
03/04/2013,466
04/04/2013,427
05/04/2013,358
06/04/2013,543
07/04/2013,477
08/04/2013,469
09/04/2013,557
10/04/2013,433
11/04/2013,377
12/04/2013,437
13/04/2013,509
14/04/2013,518
15/04/2013,540
16/04/2013,583
17/04/2013,279
18/04/2013,367
19/04/2013,258
20/04/2013,448
21/04/2013,406
22/04/2013,518
23/04/2013,543
24/04/2013,434
25/04/2013,580
26/04/2013,450
27/04/2013,492
28/04/2013,497
29/04/2013,513
30/04/2013,561
01/05/2013,465
02/05/2013,506
03/05/2013,565
04/05/2013,546
05/05/2013,516
06/05/2013,477
07/05/2013,481
08/05/2013,489
09/05/2013,432
10/05/2013,503
11/05/2013,514
12/05/2013,489
13/05/2013,617
14/05/2013,348
15/05/2013,423
16/05/2013,390
17/05/2013,532
18/05/2013,744
19/05/2013,461
20/05/2013,464
21/05/2013,452
22/05/2013,421
23/05/2013,357
24/05/2013,310
25/05/2013,392
26/05/2013,452
27/05/2013,571
28/05/2013,460
29/05/2013,430
30/05/2013,402
31/05/2013,694
01/06/2013,813
02/06/2013,434
03/06/2013,550
04/06/2013,741
05/06/2013,437
06/06/2013,437
07/06/2013,312
08/06/2013,489
09/06/2013,439
10/06/2013,549
11/06/2013,452
12/06/2013,479
13/06/2013,638
14/06/2013,639
15/06/2013,397
16/06/2013,466
17/06/2013,429
18/06/2013,531
19/06/2013,483
20/06/2013,417
21/06/2013,590
22/06/2013,495
23/06/2013,413
24/06/2013,425
25/06/2013,536
26/06/2013,553
27/06/2013,484
28/06/2013,552
29/06/2013,508
30/06/2013,478
01/07/2013,387
02/07/2013,614
03/07/2013,425
04/07/2013,512
05/07/2013,454
06/07/2013,434
07/07/2013,557
08/07/2013,486
09/07/2013,587
10/07/2013,532
11/07/2013,444
12/07/2013,421
13/07/2013,537
14/07/2013,588
15/07/2013,419
16/07/2013,542
17/07/2013,431
18/07/2013,479
19/07/2013,471
20/07/2013,511
21/07/2013,503
22/07/2013,549
23/07/2013,469
24/07/2013,486
25/07/2013,475
26/07/2013,503
27/07/2013,442
28/07/2013,403
29/07/2013,425
30/07/2013,499
31/07/2013,520
01/08/2013,436
02/08/2013,490
03/08/2013,464
04/08/2013,441
05/08/2013,444
06/08/2013,465
07/08/2013,472
08/08/2013,427
09/08/2013,477
10/08/2013,425
11/08/2013,519
12/08/2013,478
13/08/2013,396
14/08/2013,512
15/08/2013,319
16/08/2013,389
17/08/2013,543
18/08/2013,394
19/08/2013,521
20/08/2013,587
21/08/2013,395
22/08/2013,371
23/08/2013,511
24/08/2013,444
25/08/2013,406
26/08/2013,661
27/08/2013,384
28/08/2013,426
29/08/2013,412
30/08/2013,467
31/08/2013,446
01/09/2013,475
02/09/2013,480
03/09/2013,432
04/09/2013,422
05/09/2013,547
06/09/2013,473
07/09/2013,497
08/09/2013,464
09/09/2013,444
10/09/2013,462
11/09/2013,452
12/09/2013,492
13/09/2013,509
14/09/2013,527
15/09/2013,467
16/09/2013,601
17/09/2013,483
18/09/2013,489
19/09/2013,471
20/09/2013,512
21/09/2013,431
22/09/2013,394
23/09/2013,277
24/09/2013,435
25/09/2013,387
26/09/2013,329
27/09/2013,293
28/09/2013,323
29/09/2013,490
30/09/2013,577
01/10/2013,464
02/10/2013,528
03/10/2013,425
04/10/2013,532
05/10/2013,479
06/10/2013,586
07/10/2013,482
08/10/2013,577
09/10/2013,504
10/10/2013,450
11/10/2013,473
12/10/2013,374
13/10/2013,452
14/10/2013,469
15/10/2013,464
16/10/2013,511
17/10/2013,449
18/10/2013,395
19/10/2013,409
20/10/2013,482
21/10/2013,472
22/10/2013,560
23/10/2013,517
24/10/2013,499
25/10/2013,439
26/10/2013,454
27/10/2013,493
28/10/2013,456
29/10/2013,536
30/10/2013,504
31/10/2013,463
01/11/2013,395
02/11/2013,454
03/11/2013,419
04/11/2013,492
05/11/2013,562
06/11/2013,412
07/11/2013,521
08/11/2013,485
09/11/2013,407
10/11/2013,397
11/11/2013,449
12/11/2013,457
13/11/2013,504
14/11/2013,493
15/11/2013,558
16/11/2013,393
17/11/2013,484
18/11/2013,466
19/11/2013,498
20/11/2013,397
21/11/2013,474
22/11/2013,402
23/11/2013,468
24/11/2013,512
25/11/2013,510
26/11/2013,497
27/11/2013,445
28/11/2013,448
29/11/2013,424
30/11/2013,477
01/12/2013,453
02/12/2013,507
03/12/2013,544
04/12/2013,554
05/12/2013,438
06/12/2013,390
07/12/2013,460
08/12/2013,492
09/12/2013,239
10/12/2013,565
11/12/2013,502
12/12/2013,411
13/12/2013,625
14/12/2013,530
15/12/2013,505
16/12/2013,483
17/12/2013,475
18/12/2013,526
19/12/2013,505
20/12/2013,431
21/12/2013,488
22/12/2013,474
23/12/2013,454
24/12/2013,544
25/12/2013,464
26/12/2013,520
27/12/2013,405
28/12/2013,406
29/12/2013,479
30/12/2013,475
31/12/2013,537
01/01/2014,479
02/01/2014,569
03/01/2014,594
04/01/2014,1023
05/01/2014,289
06/01/2014,558
07/01/2014,519
08/01/2014,597
09/01/2014,505
10/01/2014,879
11/01/2014,430
12/01/2014,514
13/01/2014,457
14/01/2014,588
15/01/2014,579
16/01/2014,444
17/01/2014,396
18/01/2014,491
19/01/2014,330
20/01/2014,550
21/01/2014,510
22/01/2014,506
23/01/2014,367
24/01/2014,381
25/01/2014,436
26/01/2014,447
27/01/2014,457
28/01/2014,433
29/01/2014,468
30/01/2014,393
31/01/2014,418
01/02/2014,492
02/02/2014,392
03/02/2014,275
04/02/2014,482
05/02/2014,284
06/02/2014,503
07/02/2014,524
08/02/2014,501
09/02/2014,505
10/02/2014,435
11/02/2014,532
12/02/2014,556
13/02/2014,396
14/02/2014,457
15/02/2014,406
16/02/2014,555
17/02/2014,408
18/02/2014,387
19/02/2014,478
20/02/2014,472
21/02/2014,490
22/02/2014,144
23/02/2014,394
24/02/2014,414
25/02/2014,535
26/02/2014,551
27/02/2014,399
28/02/2014,247
01/03/2014,328
02/03/2014,328
03/03/2014,424
04/03/2014,512
05/03/2014,393
06/03/2014,458
07/03/2014,479
08/03/2014,267
09/03/2014,311
10/03/2014,514
11/03/2014,484
12/03/2014,640
13/03/2014,409
14/03/2014,607
15/03/2014,356
16/03/2014,451
17/03/2014,486
18/03/2014,447
19/03/2014,567
20/03/2014,634
21/03/2014,492
22/03/2014,503
23/03/2014,503
24/03/2014,576
25/03/2014,455
26/03/2014,563
27/03/2014,416
28/03/2014,478
29/03/2014,511
30/03/2014,570
31/03/2014,479
01/04/2014,376
02/04/2014,430
03/04/2014,504
04/04/2014,449
05/04/2014,347
06/04/2014,523
07/04/2014,462
08/04/2014,429
09/04/2014,584
10/04/2014,470
11/04/2014,347
12/04/2014,457
13/04/2014,502
14/04/2014,557
15/04/2014,550
16/04/2014,585
17/04/2014,292
18/04/2014,365
19/04/2014,293
20/04/2014,479
21/04/2014,419
22/04/2014,531
23/04/2014,534
24/04/2014,469
25/04/2014,567
26/04/2014,473
27/04/2014,458
28/04/2014,457
29/04/2014,480
30/04/2014,561
01/05/2014,482
02/05/2014,514
03/05/2014,531
04/05/2014,517
05/05/2014,485
06/05/2014,467
07/05/2014,474
08/05/2014,506
09/05/2014,472
10/05/2014,463
11/05/2014,501
12/05/2014,525
13/05/2014,619
14/05/2014,313
15/05/2014,396
16/05/2014,415
17/05/2014,523
18/05/2014,730
19/05/2014,470
20/05/2014,428
21/05/2014,486
22/05/2014,411
23/05/2014,352
24/05/2014,328
25/05/2014,361
26/05/2014,432
27/05/2014,599
28/05/2014,439
29/05/2014,431
30/05/2014,375
31/05/2014,693
01/06/2014,803
02/06/2014,445
03/06/2014,534
04/06/2014,725
05/06/2014,412
06/06/2014,442
07/06/2014,281
08/06/2014,504
09/06/2014,469
10/06/2014,586
11/06/2014,426
12/06/2014,509
13/06/2014,613
14/06/2014,642
15/06/2014,420
16/06/2014,488
17/06/2014,454
18/06/2014,501
19/06/2014,497
20/06/2014,379
21/06/2014,618
22/06/2014,497
23/06/2014,395
24/06/2014,445
25/06/2014,528
26/06/2014,535
27/06/2014,509
28/06/2014,559
29/06/2014,472
30/06/2014,454
01/07/2014,426
02/07/2014,636
03/07/2014,408
04/07/2014,513
05/07/2014,455
06/07/2014,458
07/07/2014,553
08/07/2014,449
09/07/2014,573
10/07/2014,571
11/07/2014,474
12/07/2014,454
13/07/2014,515
14/07/2014,605
15/07/2014,405
16/07/2014,517
17/07/2014,459
18/07/2014,481
19/07/2014,453
20/07/2014,486
21/07/2014,536
22/07/2014,524
23/07/2014,441
24/07/2014,461
25/07/2014,478
26/07/2014,514
27/07/2014,462
28/07/2014,381
29/07/2014,420
30/07/2014,527
31/07/2014,505
01/08/2014,476
02/08/2014,485
03/08/2014,445
04/08/2014,433
05/08/2014,415
06/08/2014,433
07/08/2014,441
08/08/2014,414
09/08/2014,502
10/08/2014,393
11/08/2014,538
12/08/2014,471
13/08/2014,421
14/08/2014,528
15/08/2014,313
16/08/2014,377
17/08/2014,510
18/08/2014,373
19/08/2014,507
20/08/2014,607
21/08/2014,356
22/08/2014,371
23/08/2014,549
24/08/2014,432
25/08/2014,392
26/08/2014,640
27/08/2014,358
28/08/2014,418
29/08/2014,440
30/08/2014,482
31/08/2014,479
01/09/2014,440
02/09/2014,509
03/09/2014,409
04/09/2014,437
05/09/2014,528
06/09/2014,465
07/09/2014,514
08/09/2014,451
09/09/2014,418
10/09/2014,490
11/09/2014,479
12/09/2014,482
13/09/2014,526
14/09/2014,509
15/09/2014,451
16/09/2014,626
17/09/2014,471
18/09/2014,517
19/09/2014,488
20/09/2014,490
21/09/2014,454
22/09/2014,434
23/09/2014,239
24/09/2014,433
25/09/2014,399
26/09/2014,330
27/09/2014,271
28/09/2014,339
29/09/2014,523
30/09/2014,543
01/10/2014,463
02/10/2014,515
03/10/2014,419
04/10/2014,572
05/10/2014,468
06/10/2014,569
07/10/2014,486
08/10/2014,602
09/10/2014,483
10/10/2014,460
11/10/2014,484
12/10/2014,413
13/10/2014,426
14/10/2014,481
15/10/2014,489
16/10/2014,478
17/10/2014,450
18/10/2014,357
19/10/2014,431
20/10/2014,479
21/10/2014,433
22/10/2014,555
23/10/2014,525
24/10/2014,505
25/10/2014,414
26/10/2014,427
27/10/2014,498
28/10/2014,460
29/10/2014,539
30/10/2014,465
31/10/2014,470
01/11/2014,392
02/11/2014,414
03/11/2014,398
04/11/2014,488
05/11/2014,579
06/11/2014,416
07/11/2014,534
08/11/2014,451
09/11/2014,409
10/11/2014,423
11/11/2014,417
12/11/2014,442
13/11/2014,539
14/11/2014,501
15/11/2014,559
16/11/2014,419
17/11/2014,497
18/11/2014,452
19/11/2014,535
20/11/2014,400
21/11/2014,505
22/11/2014,401
23/11/2014,505
24/11/2014,544
25/11/2014,540
26/11/2014,535
27/11/2014,461
28/11/2014,476
29/11/2014,408
30/11/2014,464
01/12/2014,460
02/12/2014,522
03/12/2014,552
04/12/2014,583
05/12/2014,477
06/12/2014,374
07/12/2014,451
08/12/2014,455
09/12/2014,228
10/12/2014,551
11/12/2014,515
12/12/2014,380
13/12/2014,659
14/12/2014,518
15/12/2014,479
16/12/2014,517
17/12/2014,469
18/12/2014,501
19/12/2014,539
20/12/2014,455
21/12/2014,462
22/12/2014,487
23/12/2014,488
24/12/2014,504
25/12/2014,501
26/12/2014,505
27/12/2014,380
28/12/2014,367
29/12/2014,472
30/12/2014,475
31/12/2014,500
01/01/2015,574
02/01/2015,509
03/01/2015,580
04/01/2015,558
05/01/2015,1039
06/01/2015,282
07/01/2015,550
08/01/2015,551
09/01/2015,589
10/01/2015,518
11/01/2015,906
12/01/2015,462
13/01/2015,505
14/01/2015,478
15/01/2015,591
16/01/2015,578
17/01/2015,483
18/01/2015,357
19/01/2015,476
20/01/2015,313
21/01/2015,560
22/01/2015,506
23/01/2015,502
24/01/2015,331
25/01/2015,387
26/01/2015,474
27/01/2015,484
28/01/2015,420
29/01/2015,396
30/01/2015,461
31/01/2015,421
01/02/2015,431
02/02/2015,505
03/02/2015,399
04/02/2015,270
05/02/2015,515
06/02/2015,323
07/02/2015,476
08/02/2015,505
09/02/2015,464
10/02/2015,530
11/02/2015,424
12/02/2015,510
13/02/2015,584
14/02/2015,410
15/02/2015,482
16/02/2015,413
17/02/2015,585
18/02/2015,395
19/02/2015,372
20/02/2015,492
21/02/2015,510
22/02/2015,503
23/02/2015,132
24/02/2015,400
25/02/2015,383
26/02/2015,561
27/02/2015,543
28/02/2015,371
01/03/2015,284
02/03/2015,333
03/03/2015,303
04/03/2015,432
05/03/2015,522
06/03/2015,385
07/03/2015,435
08/03/2015,459
09/03/2015,261
10/03/2015,350
11/03/2015,501
12/03/2015,482
13/03/2015,640
14/03/2015,384
15/03/2015,624
16/03/2015,343
17/03/2015,422
18/03/2015,464
19/03/2015,471
20/03/2015,536
21/03/2015,665
22/03/2015,477
23/03/2015,515
24/03/2015,520
25/03/2015,572
26/03/2015,430
27/03/2015,600
28/03/2015,444
29/03/2015,490
30/03/2015,485
31/03/2015,532
01/04/2015,481
02/04/2015,403
03/04/2015,398
04/04/2015,497
05/04/2015,448
06/04/2015,387
07/04/2015,521
08/04/2015,480
09/04/2015,401
10/04/2015,604
11/04/2015,482
12/04/2015,337
13/04/2015,480
14/04/2015,501
15/04/2015,520
16/04/2015,587
17/04/2015,576
18/04/2015,306
19/04/2015,330
20/04/2015,266
21/04/2015,440
22/04/2015,411
23/04/2015,492
24/04/2015,518
25/04/2015,487
26/04/2015,568
27/04/2015,502
28/04/2015,419
29/04/2015,482
30/04/2015,494
01/05/2015,579
02/05/2015,493
03/05/2015,504
04/05/2015,517
05/05/2015,507
06/05/2015,512
07/05/2015,506
08/05/2015,440
09/05/2015,540
10/05/2015,437
11/05/2015,458
12/05/2015,461
13/05/2015,486
14/05/2015,619
15/05/2015,315
16/05/2015,427
17/05/2015,393
18/05/2015,533
19/05/2015,695
20/05/2015,459
21/05/2015,430
22/05/2015,470
23/05/2015,420
24/05/2015,317
25/05/2015,354
26/05/2015,344
27/05/2015,400
28/05/2015,607
29/05/2015,456
30/05/2015,430
31/05/2015,354
01/06/2015,703
02/06/2015,796
03/06/2015,479
04/06/2015,532
05/06/2015,718
06/06/2015,446
07/06/2015,464
08/06/2015,295
09/06/2015,490
10/06/2015,447
11/06/2015,609
12/06/2015,391
13/06/2015,503
14/06/2015,626
15/06/2015,634
16/06/2015,455
17/06/2015,482
18/06/2015,447
19/06/2015,476
20/06/2015,493
21/06/2015,366
22/06/2015,639
23/06/2015,476
24/06/2015,400
25/06/2015,433
26/06/2015,549
27/06/2015,561
28/06/2015,484
29/06/2015,585
30/06/2015,449
01/07/2015,414
02/07/2015,458
03/07/2015,672
04/07/2015,386
05/07/2015,498
06/07/2015,466
07/07/2015,444
08/07/2015,535
09/07/2015,453
10/07/2015,539
11/07/2015,536
12/07/2015,438
13/07/2015,430
14/07/2015,510
15/07/2015,593
16/07/2015,420
17/07/2015,513
18/07/2015,480
19/07/2015,502
20/07/2015,447
21/07/2015,451
22/07/2015,568
23/07/2015,541
24/07/2015,407
25/07/2015,489
26/07/2015,440
27/07/2015,493
28/07/2015,489
29/07/2015,394
30/07/2015,393
31/07/2015,508
01/08/2015,538
02/08/2015,439
03/08/2015,505
04/08/2015,405
05/08/2015,454
06/08/2015,378
07/08/2015,434
08/08/2015,430
09/08/2015,392
10/08/2015,474
11/08/2015,431
12/08/2015,569
13/08/2015,509
14/08/2015,406
15/08/2015,551
16/08/2015,307
17/08/2015,349
18/08/2015,483
19/08/2015,370
20/08/2015,523
21/08/2015,627
22/08/2015,387
23/08/2015,369
24/08/2015,527
25/08/2015,433
26/08/2015,422
27/08/2015,675
28/08/2015,383
29/08/2015,455
30/08/2015,408
31/08/2015,489
01/09/2015,485
02/09/2015,441
03/09/2015,489
04/09/2015,386
05/09/2015,471
06/09/2015,498
07/09/2015,435
08/09/2015,511
09/09/2015,456
10/09/2015,396
11/09/2015,503
12/09/2015,472
13/09/2015,455
14/09/2015,515
15/09/2015,520
16/09/2015,411
17/09/2015,606
18/09/2015,508
19/09/2015,508
20/09/2015,459
21/09/2015,527
22/09/2015,430
23/09/2015,410
24/09/2015,236
25/09/2015,407
26/09/2015,410
27/09/2015,313
28/09/2015,277
29/09/2015,317
30/09/2015,500
01/10/2015,552
02/10/2015,503
03/10/2015,540
04/10/2015,449
05/10/2015,603
06/10/2015,454
07/10/2015,580
08/10/2015,473
09/10/2015,590
10/10/2015,466
11/10/2015,483
12/10/2015,450
13/10/2015,409
14/10/2015,445
15/10/2015,469
16/10/2015,456
17/10/2015,447
18/10/2015,460
19/10/2015,335
20/10/2015,393
21/10/2015,467
22/10/2015,459
23/10/2015,587
24/10/2015,557
25/10/2015,534
26/10/2015,403
27/10/2015,440
28/10/2015,475
29/10/2015,456
30/10/2015,565
31/10/2015,498
01/11/2015,440
02/11/2015,373
03/11/2015,449
04/11/2015,393
05/11/2015,465
06/11/2015,554
07/11/2015,400
08/11/2015,560
09/11/2015,460
10/11/2015,446
11/11/2015,385
12/11/2015,427
13/11/2015,428
14/11/2015,537
15/11/2015,503
16/11/2015,520
17/11/2015,441
18/11/2015,518
19/11/2015,432
20/11/2015,504
21/11/2015,373
22/11/2015,475
23/11/2015,391
24/11/2015,469
25/11/2015,507
26/11/2015,526
27/11/2015,539
28/11/2015,496
29/11/2015,474
30/11/2015,416
01/12/2015,469
02/12/2015,488
03/12/2015,507
04/12/2015,537
05/12/2015,563
06/12/2015,442
07/12/2015,373
08/12/2015,445
09/12/2015,422
10/12/2015,268
11/12/2015,545
12/12/2015,512
13/12/2015,351
14/12/2015,680
15/12/2015,488
16/12/2015,511
17/12/2015,513
18/12/2015,506
19/12/2015,476
20/12/2015,530
21/12/2015,426
22/12/2015,454
23/12/2015,490
24/12/2015,473
25/12/2015,489
26/12/2015,524
27/12/2015,498
28/12/2015,340
29/12/2015,384
30/12/2015,472
31/12/2015,458
01/01/2016,462
02/01/2016,563
03/01/2016,519
04/01/2016,557
05/01/2016,593
06/01/2016,1039
07/01/2016,257
08/01/2016,516
09/01/2016,536
10/01/2016,611
11/01/2016,526
12/01/2016,920
13/01/2016,433
14/01/2016,501
15/01/2016,440
16/01/2016,609
17/01/2016,544
18/01/2016,443
19/01/2016,335
20/01/2016,505
21/01/2016,312
22/01/2016,543
23/01/2016,493
24/01/2016,509
25/01/2016,305
26/01/2016,404
27/01/2016,489
28/01/2016,444
29/01/2016,394
30/01/2016,416
31/01/2016,463
01/02/2016,454
02/02/2016,394
03/02/2016,507
04/02/2016,400
05/02/2016,295
06/02/2016,535
07/02/2016,359
08/02/2016,449
09/02/2016,536
10/02/2016,464
11/02/2016,511
12/02/2016,453
13/02/2016,490
14/02/2016,608
15/02/2016,432
16/02/2016,483
17/02/2016,385
18/02/2016,560
19/02/2016,394
20/02/2016,372
21/02/2016,465
22/02/2016,520
23/02/2016,486
24/02/2016,147
25/02/2016,396
26/02/2016,381
27/02/2016,549
28/02/2016,512
29/02/2016,410
01/03/2016,322
02/03/2016,304
03/03/2016,274
04/03/2016,405
05/03/2016,549
06/03/2016,353
07/03/2016,411
08/03/2016,426
09/03/2016,280
10/03/2016,385
11/03/2016,497
12/03/2016,508
13/03/2016,675
14/03/2016,422
15/03/2016,645
16/03/2016,325
17/03/2016,400
18/03/2016,469
19/03/2016,502
20/03/2016,508
21/03/2016,629
22/03/2016,448
23/03/2016,511
24/03/2016,487
25/03/2016,572
26/03/2016,448
27/03/2016,564
28/03/2016,474
29/03/2016,483
30/03/2016,456
31/03/2016,537
01/04/2016,453
02/04/2016,384
03/04/2016,437
04/04/2016,537
05/04/2016,411
06/04/2016,411
07/04/2016,528
08/04/2016,512
09/04/2016,365
10/04/2016,596
11/04/2016,493
12/04/2016,368
13/04/2016,475
14/04/2016,537
15/04/2016,533
16/04/2016,589
17/04/2016,603
18/04/2016,304
19/04/2016,359
20/04/2016,233
21/04/2016,410
22/04/2016,404
23/04/2016,456
24/04/2016,519
25/04/2016,456
26/04/2016,553
27/04/2016,492
28/04/2016,401
29/04/2016,460
30/04/2016,512
01/05/2016,568
02/05/2016,517
03/05/2016,515
04/05/2016,539
05/05/2016,496
06/05/2016,513
07/05/2016,509
08/05/2016,414
09/05/2016,546
10/05/2016,472
11/05/2016,497
12/05/2016,448
13/05/2016,446
14/05/2016,645
15/05/2016,327
16/05/2016,458
17/05/2016,422
18/05/2016,519
19/05/2016,656
20/05/2016,473
21/05/2016,445
22/05/2016,479
23/05/2016,431
24/05/2016,285
25/05/2016,323
26/05/2016,333
27/05/2016,431
28/05/2016,629
29/05/2016,484
30/05/2016,424
31/05/2016,360
01/06/2016,739
02/06/2016,785
03/06/2016,514
04/06/2016,527
05/06/2016,710
06/06/2016,421
07/06/2016,441
08/06/2016,301
09/06/2016,522
10/06/2016,436
11/06/2016,608
12/06/2016,404
13/06/2016,533
14/06/2016,666
15/06/2016,663
16/06/2016,443
17/06/2016,449
18/06/2016,453
19/06/2016,461
20/06/2016,533
21/06/2016,369
22/06/2016,667
23/06/2016,515
24/06/2016,405
25/06/2016,473
26/06/2016,526
27/06/2016,596
28/06/2016,449
29/06/2016,593
30/06/2016,438
01/07/2016,449
02/07/2016,486
03/07/2016,695
04/07/2016,404
05/07/2016,525
06/07/2016,497
07/07/2016,450
08/07/2016,517
09/07/2016,493
10/07/2016,555
11/07/2016,556
12/07/2016,440
13/07/2016,395
14/07/2016,535
15/07/2016,616
16/07/2016,419
17/07/2016,511
18/07/2016,479
19/07/2016,469
20/07/2016,466
21/07/2016,476
22/07/2016,574
23/07/2016,537
24/07/2016,437
25/07/2016,472
26/07/2016,410
27/07/2016,526
28/07/2016,506
29/07/2016,406
30/07/2016,380
31/07/2016,504
01/08/2016,531
02/08/2016,419
03/08/2016,509
04/08/2016,382
05/08/2016,415
06/08/2016,409
07/08/2016,460
08/08/2016,410
09/08/2016,399
10/08/2016,500
11/08/2016,424
12/08/2016,593
13/08/2016,492
14/08/2016,437
15/08/2016,537
16/08/2016,282
17/08/2016,333
18/08/2016,462
19/08/2016,358
20/08/2016,556
21/08/2016,652
22/08/2016,412
23/08/2016,369
24/08/2016,527
25/08/2016,417
26/08/2016,427
27/08/2016,662
28/08/2016,347
29/08/2016,430
30/08/2016,421
31/08/2016,511
01/09/2016,446
02/09/2016,478
03/09/2016,474
04/09/2016,417
05/09/2016,492
06/09/2016,472
07/09/2016,424
08/09/2016,537
09/09/2016,469
10/09/2016,431
11/09/2016,536
12/09/2016,485
13/09/2016,451
14/09/2016,483
15/09/2016,517
16/09/2016,431
17/09/2016,569
18/09/2016,534
19/09/2016,490
20/09/2016,473
21/09/2016,493
22/09/2016,465
23/09/2016,409
24/09/2016,207
25/09/2016,369
26/09/2016,403
27/09/2016,328
28/09/2016,265
29/09/2016,339
30/09/2016,518
01/10/2016,518
02/10/2016,507
03/10/2016,578
04/10/2016,425
05/10/2016,601
06/10/2016,464
07/10/2016,571
08/10/2016,473
09/10/2016,561
10/10/2016,459
11/10/2016,459
12/10/2016,466
13/10/2016,425
14/10/2016,461
15/10/2016,455
16/10/2016,472
17/10/2016,439
18/10/2016,466
19/10/2016,305
20/10/2016,358
21/10/2016,450
22/10/2016,421
23/10/2016,612
24/10/2016,548
25/10/2016,502
26/10/2016,404
27/10/2016,425
28/10/2016,446
29/10/2016,467
30/10/2016,600
31/10/2016,525
01/11/2016,444
02/11/2016,400
03/11/2016,448
04/11/2016,414
05/11/2016,486
06/11/2016,559
07/11/2016,404
08/11/2016,596
09/11/2016,424
10/11/2016,459
11/11/2016,421
12/11/2016,403
13/11/2016,390
14/11/2016,557
15/11/2016,502
16/11/2016,506
17/11/2016,424
18/11/2016,508
19/11/2016,455
20/11/2016,523
21/11/2016,337
22/11/2016,492
23/11/2016,382
24/11/2016,477
25/11/2016,505
26/11/2016,548
27/11/2016,515
28/11/2016,515
29/11/2016,469
30/11/2016,389
01/12/2016,501
02/12/2016,502
03/12/2016,512
04/12/2016,523
05/12/2016,558
06/12/2016,455
07/12/2016,362
08/12/2016,447
09/12/2016,400
10/12/2016,261
11/12/2016,572
12/12/2016,486
13/12/2016,359
14/12/2016,673
15/12/2016,485
16/12/2016,475
17/12/2016,541
18/12/2016,493
19/12/2016,480
20/12/2016,509
21/12/2016,436
22/12/2016,454
23/12/2016,506
24/12/2016,511
25/12/2016,460
26/12/2016,516
27/12/2016,481
28/12/2016,332
29/12/2016,398
30/12/2016,493
31/12/2016,587
01/01/2017,459
02/01/2017,549
03/01/2017,608
04/01/2017,957
05/01/2017,283
06/01/2017,506
07/01/2017,480
08/01/2017,553
09/01/2017,460
10/01/2017,882
11/01/2017,473
12/01/2017,532
13/01/2017,543
14/01/2017,576
15/01/2017,521
16/01/2017,382
17/01/2017,462
18/01/2017,505
19/01/2017,377
20/01/2017,470
21/01/2017,542
22/01/2017,523
23/01/2017,369
24/01/2017,397
25/01/2017,409
26/01/2017,397
27/01/2017,402
28/01/2017,508
29/01/2017,515
30/01/2017,394
31/01/2017,355
01/02/2017,534
02/02/2017,365
03/02/2017,262
04/02/2017,439
05/02/2017,337
06/02/2017,469
07/02/2017,493
08/02/2017,560
09/02/2017,553
10/02/2017,381
11/02/2017,482
12/02/2017,530
13/02/2017,431
14/02/2017,391
15/02/2017,482
16/02/2017,598
17/02/2017,385
18/02/2017,488
19/02/2017,547
20/02/2017,445
21/02/2017,408
22/02/2017,196
23/02/2017,382
24/02/2017,451
25/02/2017,496
26/02/2017,565
27/02/2017,436
28/02/2017,317
01/03/2017,235
02/03/2017,337
03/03/2017,407
04/03/2017,443
05/03/2017,425
06/03/2017,477
07/03/2017,449
08/03/2017,311
09/03/2017,279
10/03/2017,532
11/03/2017,549
12/03/2017,631
13/03/2017,479
14/03/2017,549
15/03/2017,389
16/03/2017,471
17/03/2017,484
18/03/2017,444
19/03/2017,588
20/03/2017,585
21/03/2017,500
22/03/2017,451
23/03/2017,461
24/03/2017,594
25/03/2017,421
26/03/2017,497
27/03/2017,463
28/03/2017,542
29/03/2017,556
30/03/2017,602
31/03/2017,513
01/04/2017,433
02/04/2017,472
03/04/2017,423
04/04/2017,428
05/04/2017,375
06/04/2017,468
07/04/2017,525
08/04/2017,436
09/04/2017,588
10/04/2017,393
11/04/2017,403
12/04/2017,456
13/04/2017,528
14/04/2017,504
15/04/2017,601
16/04/2017,502
17/04/2017,326
18/04/2017,415
19/04/2017,312
20/04/2017,419
21/04/2017,433
22/04/2017,525
23/04/2017,564
24/04/2017,492
25/04/2017,530
26/04/2017,512
27/04/2017,573
28/04/2017,497
29/04/2017,517
30/04/2017,507
01/05/2017,469
02/05/2017,498
03/05/2017,564
04/05/2017,491
05/05/2017,476
06/05/2017,419
07/05/2017,541
08/05/2017,427
09/05/2017,419
10/05/2017,479
11/05/2017,520
12/05/2017,495
13/05/2017,612
14/05/2017,409
15/05/2017,427
16/05/2017,447
17/05/2017,553
18/05/2017,752
19/05/2017,405
20/05/2017,525
21/05/2017,448
22/05/2017,452
23/05/2017,304
24/05/2017,381
25/05/2017,468
26/05/2017,512
27/05/2017,473
28/05/2017,509
29/05/2017,461
30/05/2017,441
31/05/2017,664
01/06/2017,811
02/06/2017,444
03/06/2017,608
04/06/2017,720
05/06/2017,368
06/06/2017,398
07/06/2017,253
08/06/2017,406
09/06/2017,399
10/06/2017,559
11/06/2017,474
12/06/2017,465
13/06/2017,606
14/06/2017,601
15/06/2017,467
16/06/2017,435
17/06/2017,401
18/06/2017,610
19/06/2017,460
20/06/2017,431
21/06/2017,570
22/06/2017,528
23/06/2017,424
24/06/2017,397
25/06/2017,451
26/06/2017,580
27/06/2017,527
28/06/2017,574
29/06/2017,482
30/06/2017,419
01/07/2017,383
02/07/2017,577
03/07/2017,505
04/07/2017,541
05/07/2017,493
06/07/2017,492
07/07/2017,506
08/07/2017,440
09/07/2017,595
10/07/2017,499
11/07/2017,449
12/07/2017,421
13/07/2017,615
14/07/2017,523
15/07/2017,443
16/07/2017,532
17/07/2017,454
18/07/2017,459
19/07/2017,523
20/07/2017,589
21/07/2017,528
22/07/2017,552
23/07/2017,521
24/07/2017,474
25/07/2017,456
26/07/2017,472
27/07/2017,538
28/07/2017,405
29/07/2017,458
30/07/2017,570
31/07/2017,532
01/08/2017,471
02/08/2017,447
03/08/2017,465
04/08/2017,395
05/08/2017,429
06/08/2017,424
07/08/2017,443
08/08/2017,411
09/08/2017,456
10/08/2017,502
11/08/2017,492
12/08/2017,494
13/08/2017,395
14/08/2017,531
15/08/2017,306
16/08/2017,436
17/08/2017,459
18/08/2017,419
19/08/2017,576
20/08/2017,629
21/08/2017,427
22/08/2017,338
23/08/2017,499
24/08/2017,401
25/08/2017,487
26/08/2017,660
27/08/2017,374
28/08/2017,452
29/08/2017,393
30/08/2017,434
31/08/2017,511
01/09/2017,405
02/09/2017,465
03/09/2017,441
04/09/2017,440
05/09/2017,490
06/09/2017,406
07/09/2017,469
08/09/2017,504
09/09/2017,442
10/09/2017,483
11/09/2017,465
12/09/2017,504
13/09/2017,435
14/09/2017,562
15/09/2017,445
16/09/2017,520
17/09/2017,526
18/09/2017,452
19/09/2017,443
20/09/2017,448
21/09/2017,395
22/09/2017,366
23/09/2017,322
24/09/2017,510
25/09/2017,352
26/09/2017,362
27/09/2017,354
28/09/2017,390
29/09/2017,434
30/09/2017,529
01/10/2017,505
02/10/2017,613
03/10/2017,490
04/10/2017,571
05/10/2017,429
06/10/2017,556
07/10/2017,477
08/10/2017,556
09/10/2017,521
10/10/2017,456
11/10/2017,464
12/10/2017,429
13/10/2017,415
14/10/2017,445
15/10/2017,437
16/10/2017,522
17/10/2017,448
18/10/2017,413
19/10/2017,412
20/10/2017,523
21/10/2017,500
22/10/2017,534
23/10/2017,485
24/10/2017,484
25/10/2017,477
26/10/2017,543
27/10/2017,494
28/10/2017,445
29/10/2017,556
30/10/2017,447
31/10/2017,445
01/11/2017,444
02/11/2017,401
03/11/2017,379
04/11/2017,478
05/11/2017,583
06/11/2017,401
07/11/2017,496
08/11/2017,495
09/11/2017,333
10/11/2017,410
11/11/2017,360
12/11/2017,460
13/11/2017,541
14/11/2017,536
15/11/2017,625
16/11/2017,373
17/11/2017,478
18/11/2017,509
19/11/2017,539
20/11/2017,376
21/11/2017,463
22/11/2017,423
23/11/2017,504
24/11/2017,547
25/11/2017,439
26/11/2017,527
27/11/2017,502
28/11/2017,407
29/11/2017,445
30/11/2017,555
01/12/2017,499
02/12/2017,424
03/12/2017,576
04/12/2017,559
05/12/2017,443
06/12/2017,445
07/12/2017,458
08/12/2017,466
09/12/2017,314
10/12/2017,541
11/12/2017,535
12/12/2017,409
13/12/2017,605
14/12/2017,498
15/12/2017,440
16/12/2017,483
17/12/2017,453
18/12/2017,543
19/12/2017,488
20/12/2017,399
21/12/2017,503
22/12/2017,461
23/12/2017,476
24/12/2017,493
25/12/2017,431
26/12/2017,432
27/12/2017,342
28/12/2017,434
29/12/2017,446
30/12/2017,408
31/12/2017,599
01/01/2018,527
02/01/2018,526
03/01/2018,584
04/01/2018,1063
05/01/2018,311
06/01/2018,479
07/01/2018,511
08/01/2018,656
09/01/2018,562
10/01/2018,807
11/01/2018,454
12/01/2018,485
13/01/2018,502
14/01/2018,557
15/01/2018,546
16/01/2018,421
17/01/2018,414
18/01/2018,494
19/01/2018,386
20/01/2018,487
21/01/2018,487
22/01/2018,493
23/01/2018,399
24/01/2018,334
25/01/2018,344
26/01/2018,442
27/01/2018,516
28/01/2018,500
29/01/2018,415
30/01/2018,436
31/01/2018,449
01/02/2018,405
02/02/2018,462
03/02/2018,334
04/02/2018,456
05/02/2018,382
06/02/2018,513
07/02/2018,498
08/02/2018,481
09/02/2018,588
10/02/2018,471
11/02/2018,515
12/02/2018,528
13/02/2018,453
14/02/2018,478
15/02/2018,364
16/02/2018,560
17/02/2018,437
18/02/2018,363
19/02/2018,526
20/02/2018,537
21/02/2018,540
22/02/2018,135
23/02/2018,437
24/02/2018,443
25/02/2018,529
26/02/2018,551
27/02/2018,466
28/02/2018,295
01/03/2018,278
02/03/2018,311
03/03/2018,434
04/03/2018,478
05/03/2018,442
06/03/2018,541
07/03/2018,420
08/03/2018,221
09/03/2018,278
10/03/2018,535
11/03/2018,439
12/03/2018,671
13/03/2018,438
14/03/2018,638
15/03/2018,387
16/03/2018,465
17/03/2018,499
18/03/2018,442
19/03/2018,513
20/03/2018,658
21/03/2018,458
22/03/2018,421
23/03/2018,454
24/03/2018,537
25/03/2018,405
26/03/2018,528
27/03/2018,425
28/03/2018,560
29/03/2018,512
30/03/2018,576
31/03/2018,459
01/04/2018,444
02/04/2018,437
03/04/2018,456
04/04/2018,422
05/04/2018,311
06/04/2018,585
07/04/2018,496
08/04/2018,477
09/04/2018,597
10/04/2018,386
11/04/2018,418
12/04/2018,432
13/04/2018,462
14/04/2018,492
15/04/2018,528
16/04/2018,625
17/04/2018,221
18/04/2018,352
19/04/2018,280
20/04/2018,470
21/04/2018,423
22/04/2018,460
23/04/2018,539
24/04/2018,460
25/04/2018,555
26/04/2018,404
27/04/2018,485
28/04/2018,473
29/04/2018,499
30/04/2018,567
01/05/2018,419
02/05/2018,447
03/05/2018,535
04/05/2018,586
05/05/2018,482
06/05/2018,422
07/05/2018,462
08/05/2018,542
09/05/2018,434
10/05/2018,561
11/05/2018,463
12/05/2018,510
13/05/2018,577
14/05/2018,329
15/05/2018,378
16/05/2018,342
17/05/2018,535
18/05/2018,691
19/05/2018,402
20/05/2018,471
21/05/2018,449
22/05/2018,472
23/05/2018,368
24/05/2018,268
25/05/2018,358
26/05/2018,444
27/05/2018,614
28/05/2018,413
29/05/2018,465
30/05/2018,385
31/05/2018,641
01/06/2018,852
02/06/2018,483
03/06/2018,533
04/06/2018,720
05/06/2018,436
06/06/2018,466
07/06/2018,281
08/06/2018,456
09/06/2018,414
10/06/2018,558
11/06/2018,449
12/06/2018,475
13/06/2018,604
14/06/2018,655
15/06/2018,411
16/06/2018,513
17/06/2018,434
18/06/2018,588
19/06/2018,440
20/06/2018,387
21/06/2018,634
22/06/2018,501
23/06/2018,398
24/06/2018,384
25/06/2018,579
26/06/2018,582
27/06/2018,450
28/06/2018,532
29/06/2018,506
30/06/2018,507
01/07/2018,440
02/07/2018,587
03/07/2018,483
04/07/2018,469
05/07/2018,426
06/07/2018,396
07/07/2018,503
08/07/2018,524
09/07/2018,534
10/07/2018,498
11/07/2018,478
12/07/2018,467
13/07/2018,532
14/07/2018,572
15/07/2018,435
16/07/2018,522
17/07/2018,421
18/07/2018,483
19/07/2018,527
20/07/2018,538
21/07/2018,446
22/07/2018,594
23/07/2018,523
24/07/2018,465
25/07/2018,465
26/07/2018,530
27/07/2018,391
28/07/2018,463
29/07/2018,399
30/07/2018,478
31/07/2018,515
01/08/2018,414
02/08/2018,504
03/08/2018,487
04/08/2018,425
05/08/2018,391
06/08/2018,491
07/08/2018,447
08/08/2018,457
09/08/2018,528
10/08/2018,461
11/08/2018,516
12/08/2018,506
13/08/2018,398
14/08/2018,565
15/08/2018,372
16/08/2018,335
17/08/2018,573
18/08/2018,414
19/08/2018,514
20/08/2018,550
21/08/2018,361
22/08/2018,316
23/08/2018,560
24/08/2018,484
25/08/2018,361
26/08/2018,629
27/08/2018,395
28/08/2018,427
29/08/2018,390
30/08/2018,429
31/08/2018,428
01/09/2018,443
02/09/2018,462
03/09/2018,383
04/09/2018,440
05/09/2018,584
06/09/2018,514
07/09/2018,519
08/09/2018,464
09/09/2018,464
10/09/2018,506
11/09/2018,410
12/09/2018,443
13/09/2018,479
14/09/2018,537
15/09/2018,457
16/09/2018,635
17/09/2018,518
18/09/2018,461
19/09/2018,434
20/09/2018,507
21/09/2018,461
22/09/2018,437
23/09/2018,290
24/09/2018,469
25/09/2018,394
26/09/2018,372
27/09/2018,266
28/09/2018,323
29/09/2018,444
30/09/2018,637
01/10/2018,476
02/10/2018,483
03/10/2018,456
04/10/2018,504
05/10/2018,461
06/10/2018,548
07/10/2018,473
08/10/2018,577
09/10/2018,454
10/10/2018,431
11/10/2018,487
12/10/2018,420
13/10/2018,413
14/10/2018,460
15/10/2018,470
16/10/2018,547
17/10/2018,459
18/10/2018,354
19/10/2018,361
20/10/2018,433
21/10/2018,481
22/10/2018,571
23/10/2018,522
24/10/2018,484
25/10/2018,442
26/10/2018,484
27/10/2018,532
28/10/2018,448
29/10/2018,512
30/10/2018,494
31/10/2018,522
01/11/2018,349
02/11/2018,410
03/11/2018,418
04/11/2018,433
05/11/2018,587
06/11/2018,401
07/11/2018,497
08/11/2018,519
09/11/2018,387
10/11/2018,412
11/11/2018,483
12/11/2018,448
13/11/2018,460
14/11/2018,476
15/11/2018,558
16/11/2018,340
17/11/2018,535
18/11/2018,428
19/11/2018,540
20/11/2018,383
21/11/2018,433
22/11/2018,363
23/11/2018,444
24/11/2018,568
25/11/2018,526
26/11/2018,502
27/11/2018,455
28/11/2018,431
29/11/2018,449
30/11/2018,519
01/12/2018,439
02/12/2018,551
03/12/2018,496
04/12/2018,567
05/12/2018,461
06/12/2018,434
07/12/2018,477
08/12/2018,534
09/12/2018,183
10/12/2018,616
11/12/2018,544
12/12/2018,368
13/12/2018,598
14/12/2018,507
15/12/2018,553
16/12/2018,528
17/12/2018,416
18/12/2018,567
19/12/2018,516
20/12/2018,473
21/12/2018,449
22/12/2018,474
23/12/2018,424
24/12/2018,533
25/12/2018,439
26/12/2018,471
27/12/2018,402
28/12/2018,365
29/12/2018,449
30/12/2018,420
31/12/2018,584
01/01/2019,537
02/01/2019,616
03/01/2019,612
04/01/2019,1069
05/01/2019,332
06/01/2019,510
07/01/2019,562
08/01/2019,545
09/01/2019,453
10/01/2019,845
11/01/2019,410
12/01/2019,524
13/01/2019,456
14/01/2019,636
15/01/2019,546
16/01/2019,409
17/01/2019,341
18/01/2019,435
19/01/2019,390
20/01/2019,601
21/01/2019,531
22/01/2019,456
23/01/2019,354
24/01/2019,359
25/01/2019,444
26/01/2019,472
27/01/2019,492
28/01/2019,479
29/01/2019,528
30/01/2019,399
31/01/2019,411
01/02/2019,529
02/02/2019,335
03/02/2019,219
04/02/2019,507
05/02/2019,254
06/02/2019,444
07/02/2019,546
08/02/2019,454
09/02/2019,538
10/02/2019,492
11/02/2019,551
12/02/2019,531
13/02/2019,411
14/02/2019,448
15/02/2019,387
16/02/2019,539
17/02/2019,443
18/02/2019,342
19/02/2019,474
20/02/2019,479
21/02/2019,451
22/02/2019,198
23/02/2019,441
24/02/2019,402
25/02/2019,555
26/02/2019,544
27/02/2019,359
28/02/2019,226
01/03/2019,372
02/03/2019,332
03/03/2019,382
04/03/2019,564
05/03/2019,355
06/03/2019,453
07/03/2019,420
08/03/2019,222
09/03/2019,291
10/03/2019,470
11/03/2019,534
12/03/2019,696
13/03/2019,397
14/03/2019,591
15/03/2019,351
16/03/2019,391
17/03/2019,481
18/03/2019,444
19/03/2019,537
20/03/2019,601
21/03/2019,454
22/03/2019,488
23/03/2019,513
24/03/2019,631
25/03/2019,448
26/03/2019,551
27/03/2019,455
28/03/2019,475
29/03/2019,466
30/03/2019,627
31/03/2019,426
01/04/2019,319
02/04/2019,423
03/04/2019,447
04/04/2019,488
05/04/2019,361
06/04/2019,583
07/04/2019,408
08/04/2019,438
09/04/2019,536
10/04/2019,412
11/04/2019,390
12/04/2019,453
13/04/2019,549
14/04/2019,590
15/04/2019,609
16/04/2019,575
17/04/2019,277
18/04/2019,333
19/04/2019,294
20/04/2019,473
21/04/2019,457
22/04/2019,527
23/04/2019,506
24/04/2019,484
25/04/2019,582
26/04/2019,426
27/04/2019,431
28/04/2019,445
29/04/2019,503
30/04/2019,550
01/05/2019,490
02/05/2019,544
03/05/2019,586
04/05/2019,545
05/05/2019,495
06/05/2019,413
07/05/2019,445
08/05/2019,475
09/05/2019,431
10/05/2019,459
11/05/2019,498
12/05/2019,515
13/05/2019,567
14/05/2019,300
15/05/2019,441
16/05/2019,467
17/05/2019,492
18/05/2019,771
19/05/2019,432
20/05/2019,375
21/05/2019,436
22/05/2019,357
23/05/2019,337
24/05/2019,270
25/05/2019,382
26/05/2019,404
27/05/2019,564
28/05/2019,494
29/05/2019,470
30/05/2019,430
31/05/2019,716
01/06/2019,811
02/06/2019,492
03/06/2019,570
04/06/2019,698
05/06/2019,432
06/06/2019,386
07/06/2019,234
08/06/2019,538
09/06/2019,414
10/06/2019,584
11/06/2019,464
12/06/2019,469
13/06/2019,592
14/06/2019,683
15/06/2019,398
16/06/2019,545
17/06/2019,464
18/06/2019,532
19/06/2019,547
20/06/2019,429
21/06/2019,596
22/06/2019,516
23/06/2019,410
24/06/2019,494
25/06/2019,532
26/06/2019,496
27/06/2019,539
28/06/2019,531
29/06/2019,452
30/06/2019,460
01/07/2019,426
02/07/2019,653
03/07/2019,362
04/07/2019,517
05/07/2019,472
06/07/2019,459
07/07/2019,571
08/07/2019,472
09/07/2019,627
10/07/2019,538
11/07/2019,516
12/07/2019,416
13/07/2019,459
14/07/2019,595
15/07/2019,382
16/07/2019,462
17/07/2019,507
18/07/2019,494
19/07/2019,433
20/07/2019,487
21/07/2019,523
22/07/2019,481
23/07/2019,500
24/07/2019,476
25/07/2019,419
26/07/2019,496
27/07/2019,419
28/07/2019,391
29/07/2019,459
30/07/2019,475
31/07/2019,532
01/08/2019,428
02/08/2019,488
03/08/2019,500
04/08/2019,483
05/08/2019,461
06/08/2019,406
07/08/2019,469
08/08/2019,447
09/08/2019,443
10/08/2019,382
11/08/2019,565
12/08/2019,481
13/08/2019,429
14/08/2019,512
15/08/2019,357
16/08/2019,409
17/08/2019,521
18/08/2019,425
19/08/2019,530
20/08/2019,554
21/08/2019,381
22/08/2019,381
23/08/2019,508
24/08/2019,377
25/08/2019,442
26/08/2019,659
27/08/2019,358
28/08/2019,365
29/08/2019,428
30/08/2019,498
31/08/2019,471
01/09/2019,487
02/09/2019,484
03/09/2019,468
04/09/2019,440
05/09/2019,565
06/09/2019,415
07/09/2019,536
08/09/2019,397
09/09/2019,462
10/09/2019,442
11/09/2019,468
12/09/2019,427
13/09/2019,490
14/09/2019,522
15/09/2019,415
16/09/2019,577
17/09/2019,485
18/09/2019,490
19/09/2019,443
20/09/2019,536
21/09/2019,464
22/09/2019,407
23/09/2019,258
24/09/2019,415
25/09/2019,389
26/09/2019,295
27/09/2019,246
28/09/2019,299
29/09/2019,578
30/09/2019,498
01/10/2019,443
02/10/2019,555
03/10/2019,424
04/10/2019,517
05/10/2019,416
06/10/2019,627
07/10/2019,543
08/10/2019,550
09/10/2019,472
10/10/2019,488
11/10/2019,529
12/10/2019,363
13/10/2019,400
14/10/2019,466
15/10/2019,441
16/10/2019,475
17/10/2019,421
18/10/2019,378
19/10/2019,471
20/10/2019,516
21/10/2019,487
22/10/2019,513
23/10/2019,508
24/10/2019,453
25/10/2019,370
26/10/2019,394
27/10/2019,474
28/10/2019,472
29/10/2019,539
30/10/2019,510
31/10/2019,454
01/11/2019,433
02/11/2019,444
03/11/2019,382
04/11/2019,480
05/11/2019,632
06/11/2019,453
07/11/2019,522
08/11/2019,421
09/11/2019,402
10/11/2019,470
11/11/2019,441
12/11/2019,452
13/11/2019,537
14/11/2019,465
15/11/2019,557
16/11/2019,366
17/11/2019,456
18/11/2019,483
19/11/2019,568
20/11/2019,431
21/11/2019,496
22/11/2019,352
23/11/2019,482
24/11/2019,526
25/11/2019,591
26/11/2019,535
27/11/2019,424
28/11/2019,534
29/11/2019,348
30/11/2019,429
01/12/2019,432
02/12/2019,527
03/12/2019,565
04/12/2019,589
05/12/2019,431
06/12/2019,331
07/12/2019,470
08/12/2019,407
09/12/2019,278
10/12/2019,548
11/12/2019,465
12/12/2019,383
13/12/2019,608
14/12/2019,463
15/12/2019,439
16/12/2019,560
17/12/2019,488
18/12/2019,491
19/12/2019,480
20/12/2019,396
21/12/2019,486
22/12/2019,546
23/12/2019,479
24/12/2019,531
25/12/2019,469
26/12/2019,542
27/12/2019,415
28/12/2019,371
29/12/2019,439
30/12/2019,448
31/12/2019,471
01/01/2020,622
02/01/2020,559
03/01/2020,530
04/01/2020,603
05/01/2020,1079
06/01/2020,235
07/01/2020,571
08/01/2020,579
09/01/2020,603
10/01/2020,464
11/01/2020,927
12/01/2020,439
13/01/2020,490
14/01/2020,442
15/01/2020,553
16/01/2020,608
17/01/2020,493
18/01/2020,385
19/01/2020,475
20/01/2020,262
21/01/2020,556
22/01/2020,492
23/01/2020,466
24/01/2020,378
25/01/2020,373
26/01/2020,447
27/01/2020,444
28/01/2020,376
29/01/2020,432
30/01/2020,488
31/01/2020,470
01/02/2020,465
02/02/2020,452
03/02/2020,442
04/02/2020,268
05/02/2020,520
06/02/2020,271
07/02/2020,471
08/02/2020,486
09/02/2020,423
10/02/2020,565
11/02/2020,437
12/02/2020,475
13/02/2020,569
14/02/2020,391
15/02/2020,469
16/02/2020,394
17/02/2020,554
18/02/2020,400
19/02/2020,378
20/02/2020,549
21/02/2020,513
22/02/2020,491
23/02/2020,129
24/02/2020,395
25/02/2020,330
26/02/2020,526
27/02/2020,484
28/02/2020,358
29/02/2020,295
01/03/2020,292
02/03/2020,290
03/03/2020,403
04/03/2020,472
05/03/2020,408
06/03/2020,489
07/03/2020,491
08/03/2020,251
09/03/2020,368
10/03/2020,446
11/03/2020,491
12/03/2020,580
13/03/2020,366
14/03/2020,624
15/03/2020,312
16/03/2020,363
17/03/2020,482
18/03/2020,463
19/03/2020,551
20/03/2020,629
21/03/2020,504
22/03/2020,540
23/03/2020,552
24/03/2020,596
25/03/2020,427
26/03/2020,569
27/03/2020,444
28/03/2020,523
29/03/2020,530
30/03/2020,503
31/03/2020,470
01/04/2020,444
02/04/2020,407
03/04/2020,494
04/04/2020,443
05/04/2020,429
06/04/2020,486
07/04/2020,507
08/04/2020,417
09/04/2020,577
10/04/2020,514
11/04/2020,307
12/04/2020,505
13/04/2020,443
14/04/2020,481
15/04/2020,643
16/04/2020,611
17/04/2020,257
18/04/2020,351
19/04/2020,237
20/04/2020,416
21/04/2020,383
22/04/2020,436
23/04/2020,464
24/04/2020,530
25/04/2020,614
26/04/2020,541
27/04/2020,426
28/04/2020,533
29/04/2020,434
30/04/2020,533
01/05/2020,441
02/05/2020,451
03/05/2020,492
04/05/2020,468
05/05/2020,506
06/05/2020,480
07/05/2020,454
08/05/2020,481
09/05/2020,451
10/05/2020,448
11/05/2020,446
12/05/2020,516
13/05/2020,677
14/05/2020,334
15/05/2020,458
16/05/2020,415
17/05/2020,518
18/05/2020,717
19/05/2020,419
20/05/2020,422
21/05/2020,487
22/05/2020,368
23/05/2020,291
24/05/2020,413
25/05/2020,382
26/05/2020,371
27/05/2020,564
28/05/2020,491
29/05/2020,372
30/05/2020,373
31/05/2020,722
01/06/2020,794
02/06/2020,478
03/06/2020,505
04/06/2020,717
05/06/2020,409
06/06/2020,409
07/06/2020,318
08/06/2020,511
09/06/2020,470
10/06/2020,556
11/06/2020,370
12/06/2020,559
13/06/2020,654
14/06/2020,642
15/06/2020,443
16/06/2020,469
17/06/2020,412
18/06/2020,490
19/06/2020,467
20/06/2020,310
21/06/2020,693
22/06/2020,483
23/06/2020,368
24/06/2020,408
25/06/2020,608
26/06/2020,517
27/06/2020,534
28/06/2020,562
29/06/2020,435
30/06/2020,368
01/07/2020,441
02/07/2020,687
03/07/2020,397
04/07/2020,516
05/07/2020,487
06/07/2020,458
07/07/2020,528
08/07/2020,453
09/07/2020,584
10/07/2020,500
11/07/2020,467
12/07/2020,411
13/07/2020,506
14/07/2020,563
15/07/2020,394
16/07/2020,557
17/07/2020,498
18/07/2020,472
19/07/2020,415
20/07/2020,460
21/07/2020,575
22/07/2020,486
23/07/2020,428
24/07/2020,542
25/07/2020,458
26/07/2020,452
27/07/2020,463
28/07/2020,392
29/07/2020,396
30/07/2020,525
31/07/2020,508
01/08/2020,466
02/08/2020,551
03/08/2020,417
04/08/2020,487
05/08/2020,405
06/08/2020,423
07/08/2020,451
08/08/2020,446
09/08/2020,418
10/08/2020,438
11/08/2020,593
12/08/2020,455
13/08/2020,389
14/08/2020,611
15/08/2020,314
16/08/2020,409
17/08/2020,486
18/08/2020,352
19/08/2020,497
20/08/2020,591
21/08/2020,397
22/08/2020,326
23/08/2020,560
24/08/2020,426
25/08/2020,394
26/08/2020,700
27/08/2020,335
28/08/2020,488
29/08/2020,382
30/08/2020,514
31/08/2020,425
01/09/2020,448
02/09/2020,504
03/09/2020,386
04/09/2020,434
05/09/2020,468
06/09/2020,392
07/09/2020,479
08/09/2020,444
09/09/2020,352
10/09/2020,468
11/09/2020,532
12/09/2020,458
13/09/2020,569
14/09/2020,524
15/09/2020,409
16/09/2020,634
17/09/2020,479
18/09/2020,467
19/09/2020,500
20/09/2020,537
21/09/2020,412
22/09/2020,420
23/09/2020,292
24/09/2020,363
25/09/2020,366
26/09/2020,348
27/09/2020,238
28/09/2020,261
29/09/2020,514
30/09/2020,557
01/10/2020,491
02/10/2020,529
03/10/2020,432
04/10/2020,625
05/10/2020,463
06/10/2020,584
07/10/2020,428
08/10/2020,551
09/10/2020,513
10/10/2020,473
11/10/2020,404
12/10/2020,467
13/10/2020,447
14/10/2020,412
15/10/2020,470
16/10/2020,501
17/10/2020,420
18/10/2020,294
19/10/2020,442
20/10/2020,441
21/10/2020,476
22/10/2020,625
23/10/2020,605
24/10/2020,532
25/10/2020,368
26/10/2020,474
27/10/2020,481
28/10/2020,441
29/10/2020,530
30/10/2020,476
31/10/2020,386
01/11/2020,370
02/11/2020,492
03/11/2020,375
04/11/2020,471
05/11/2020,585
06/11/2020,374
07/11/2020,500
08/11/2020,456
09/11/2020,490
10/11/2020,442
11/11/2020,418
12/11/2020,390
13/11/2020,530
14/11/2020,562
15/11/2020,523
16/11/2020,442
17/11/2020,475
18/11/2020,372
19/11/2020,504
20/11/2020,375
21/11/2020,533
22/11/2020,413
23/11/2020,422
24/11/2020,508
25/11/2020,511
26/11/2020,520
27/11/2020,529
28/11/2020,476
29/11/2020,399
30/11/2020,512
01/12/2020,436
02/12/2020,485
03/12/2020,522
04/12/2020,555
05/12/2020,449
06/12/2020,346
07/12/2020,458
08/12/2020,399
09/12/2020,282
10/12/2020,587
11/12/2020,495
12/12/2020,334
13/12/2020,714
14/12/2020,480
15/12/2020,548
16/12/2020,526
17/12/2020,449
18/12/2020,475
19/12/2020,584
20/12/2020,476
21/12/2020,507
22/12/2020,438
23/12/2020,513
24/12/2020,543
25/12/2020,466
26/12/2020,443
27/12/2020,352
28/12/2020,417
29/12/2020,505
30/12/2020,412
31/12/2020,476
01/01/2021,508
02/01/2021,512
03/01/2021,606
04/01/2021,609
05/01/2021,1017
06/01/2021,210
07/01/2021,514
08/01/2021,568
09/01/2021,589
10/01/2021,536
11/01/2021,920
12/01/2021,430
13/01/2021,446
14/01/2021,499
15/01/2021,586
16/01/2021,573
17/01/2021,421
18/01/2021,307
19/01/2021,482
20/01/2021,303
21/01/2021,552
22/01/2021,524
23/01/2021,467
24/01/2021,248
25/01/2021,464
26/01/2021,504
27/01/2021,418
28/01/2021,347
29/01/2021,415
30/01/2021,508
31/01/2021,475
01/02/2021,347
02/02/2021,548
03/02/2021,346
04/02/2021,323
05/02/2021,539
06/02/2021,354
07/02/2021,446
08/02/2021,551
09/02/2021,507
10/02/2021,523
11/02/2021,441
12/02/2021,544
13/02/2021,647
14/02/2021,491
15/02/2021,449
16/02/2021,351
17/02/2021,562
18/02/2021,376
19/02/2021,355
20/02/2021,515
21/02/2021,507
22/02/2021,438
23/02/2021,164
24/02/2021,439
25/02/2021,368
26/02/2021,595
27/02/2021,567
28/02/2021,401
01/03/2021,275
02/03/2021,253
03/03/2021,225
04/03/2021,388
05/03/2021,514
06/03/2021,332
07/03/2021,451
08/03/2021,434
09/03/2021,320
10/03/2021,431
11/03/2021,441
12/03/2021,470
13/03/2021,721
14/03/2021,452
15/03/2021,652
16/03/2021,343
17/03/2021,427
18/03/2021,526
19/03/2021,504
20/03/2021,479
21/03/2021,632
22/03/2021,405
23/03/2021,537
24/03/2021,499
25/03/2021,546
26/03/2021,418
27/03/2021,535
28/03/2021,425
29/03/2021,487
30/03/2021,431
31/03/2021,590
01/04/2021,417
02/04/2021,431
03/04/2021,442
04/04/2021,569
05/04/2021,390
06/04/2021,360
07/04/2021,549
08/04/2021,534
09/04/2021,389
10/04/2021,612
11/04/2021,466
12/04/2021,392
13/04/2021,441
14/04/2021,492
15/04/2021,569
16/04/2021,596
17/04/2021,560
18/04/2021,273
19/04/2021,312
20/04/2021,241
21/04/2021,405
22/04/2021,433
23/04/2021,460
24/04/2021,518
25/04/2021,423
26/04/2021,495
27/04/2021,453
28/04/2021,344
29/04/2021,454
30/04/2021,554
01/05/2021,612
02/05/2021,476
03/05/2021,511
04/05/2021,554
05/05/2021,491
06/05/2021,497
07/05/2021,550
08/05/2021,384
09/05/2021,590
10/05/2021,422
11/05/2021,439
12/05/2021,501
13/05/2021,482
14/05/2021,676
15/05/2021,378
16/05/2021,474
17/05/2021,422
18/05/2021,538
19/05/2021,620
20/05/2021,529
21/05/2021,391
22/05/2021,484
23/05/2021,393
24/05/2021,286
25/05/2021,266
26/05/2021,279
27/05/2021,411
28/05/2021,617
29/05/2021,485
30/05/2021,427
31/05/2021,311
01/06/2021,785
02/06/2021,758
03/06/2021,552
04/06/2021,541
05/06/2021,741
06/06/2021,374
07/06/2021,495
08/06/2021,321
09/06/2021,464
10/06/2021,379
11/06/2021,600
12/06/2021,436
13/06/2021,554
14/06/2021,703
15/06/2021,712
16/06/2021,450
17/06/2021,476
18/06/2021,480
19/06/2021,420
20/06/2021,505
21/06/2021,415
22/06/2021,671
23/06/2021,482
24/06/2021,450
25/06/2021,510
26/06/2021,529
27/06/2021,628
28/06/2021,394
29/06/2021,580
30/06/2021,471
01/07/2021,482
02/07/2021,510
03/07/2021,660
04/07/2021,426
05/07/2021,537
06/07/2021,519
07/07/2021,447
08/07/2021,535
09/07/2021,450
10/07/2021,570
11/07/2021,607
12/07/2021,495
13/07/2021,371
14/07/2021,574
15/07/2021,616
16/07/2021,444
17/07/2021,563
18/07/2021,434
19/07/2021,510
20/07/2021,479
21/07/2021,481
22/07/2021,605
23/07/2021,546
24/07/2021,421
25/07/2021,484
26/07/2021,378
27/07/2021,529
28/07/2021,561
29/07/2021,434
30/07/2021,374
31/07/2021,513
01/08/2021,474
02/08/2021,417
03/08/2021,484
04/08/2021,425
05/08/2021,394
06/08/2021,373
07/08/2021,482
08/08/2021,393
09/08/2021,349
10/08/2021,442
11/08/2021,447
12/08/2021,590
13/08/2021,500
14/08/2021,425
15/08/2021,580
16/08/2021,278
17/08/2021,297
18/08/2021,402
19/08/2021,341
20/08/2021,568
21/08/2021,678
22/08/2021,403
23/08/2021,323
24/08/2021,522
25/08/2021,398
26/08/2021,367
27/08/2021,643
28/08/2021,407
29/08/2021,392
30/08/2021,463
31/08/2021,457
01/09/2021,489
02/09/2021,482
03/09/2021,485
04/09/2021,475
05/09/2021,507
06/09/2021,532
07/09/2021,390
08/09/2021,551
09/09/2021,461
10/09/2021,445
11/09/2021,476
12/09/2021,438
13/09/2021,461
14/09/2021,457
15/09/2021,497
16/09/2021,462
17/09/2021,570
18/09/2021,500
19/09/2021,467
20/09/2021,519
21/09/2021,466
22/09/2021,504
23/09/2021,397
24/09/2021,179
25/09/2021,383
26/09/2021,374
27/09/2021,331
28/09/2021,213
29/09/2021,301
30/09/2021,569
01/10/2021,556
02/10/2021,459
03/10/2021,598
04/10/2021,423
05/10/2021,627
06/10/2021,467
07/10/2021,595
08/10/2021,489
09/10/2021,575
10/10/2021,494
11/10/2021,509
12/10/2021,411
13/10/2021,365
14/10/2021,416
15/10/2021,475
16/10/2021,476
17/10/2021,478
18/10/2021,502
19/10/2021,256
20/10/2021,308
21/10/2021,413
22/10/2021,384
23/10/2021,589
24/10/2021,531
25/10/2021,457
26/10/2021,367
27/10/2021,368
28/10/2021,415
29/10/2021,409
30/10/2021,644
31/10/2021,486
01/11/2021,403
02/11/2021,450
03/11/2021,420
04/11/2021,365
05/11/2021,488
06/11/2021,583
07/11/2021,461
08/11/2021,607
09/11/2021,426
10/11/2021,424
11/11/2021,381
12/11/2021,388
13/11/2021,420
14/11/2021,570
15/11/2021,525
16/11/2021,464
17/11/2021,453
18/11/2021,467
19/11/2021,425
20/11/2021,474
21/11/2021,341
22/11/2021,501
23/11/2021,370
24/11/2021,503
25/11/2021,530
26/11/2021,533
27/11/2021,562
28/11/2021,531
29/11/2021,443
30/11/2021,346
01/12/2021,509
02/12/2021,442
03/12/2021,550
04/12/2021,555
05/12/2021,508
06/12/2021,454
07/12/2021,325
08/12/2021,499
09/12/2021,429
10/12/2021,254
11/12/2021,627
12/12/2021,483
13/12/2021,383
14/12/2021,617
15/12/2021,479
16/12/2021,427
17/12/2021,598
18/12/2021,500
19/12/2021,518
20/12/2021,463
21/12/2021,417
22/12/2021,452
23/12/2021,535
24/12/2021,565
25/12/2021,453
26/12/2021,516
27/12/2021,437
28/12/2021,314
29/12/2021,420
30/12/2021,525
31/12/2021,637
01/01/2022,474
